{

"TJ":{
    "zone_id": 50,
    "ref_x": 4078704.62672948,
    "ref_y": -1527661.18224233,
    "ref_theta": 1.3428834074238685},

"WUH": {"zone_id": 50,
    "ref_x": 1115032.8,
    "ref_y":-3219163.7,
    "ref_theta":0.4103433},

"CK":{"zone_id": 47,
    "ref_x": -687161 ,
    "ref_y": -4717148 ,
    "ref_theta": 0},

"ICA": { 
    "zone_id": 14,
    "ref_x": -796500,
    "ref_y": -2129000,
    "ref_theta": 0},

"DL": {
    "zone_id": 51,
    "ref_x":3072182,
    "ref_y":-3062081,
    "ref_theta":0.8792644}

}