{"1D": {"x_min": -446.69189253246566, "x_max": -144.69844625538687, "y_min": 1048.6504932185865, "y_max": 1052.6494972209202}, 
"1E": {"x_min": -112.4333818383341, "x_max": 191.16012561464188, "y_min": 1048.6076056262611, "y_max": 1052.5988223968602}, 
"2D": {"x_min": -446.510569575551, "x_max": -143.49369160336596, "y_min": 1035.657342849176, "y_max": 1039.6369422273985},
 "2E": {"x_min": -112.68303215365913, "x_max": 191.1615113024036, "y_min": 1035.5592044361244, "y_max": 1039.523931930224}, 
 "3D": {"x_min": -447.0340813419713, "x_max": -143.2578758370357, "y_min": 990.5269896614807, "y_max": 994.4381565734507}, 
 "3E": {"x_min": -112.34576188046557, "x_max": 190.78143646067682, "y_min": 990.2841185464467, "y_max": 994.3401836915654}, 
 "4D": {"x_min": -446.25698561407137, "x_max": -143.2694823316511, "y_min": 977.3684706266788, "y_max": 981.3345788724683}, 
 "4E": {"x_min": -112.27857256297719, "x_max": 191.0035025466281, "y_min": 977.3017200760189, "y_max": 981.2425634053798}, 
 "5D": {"x_min": -446.7196598742113, "x_max": -146.53417692429815, "y_min": 932.2144237284482, "y_max": 936.1716139860564}, 
 "5E": {"x_min": -112.6565611863688, "x_max": 189.84297841844406, "y_min": 932.0886750573492, "y_max": 936.0017011414832}, 
 "6D": {"x_min": -444.3610085824042, "x_max": -144.9292851054661, "y_min": 919.1656457973285, "y_max": 922.9381689083399}, 
 "6E": {"x_min": -112.48737648041282, "x_max": 190.87892198683443, "y_min": 919.0711840035658, "y_max": 922.9343936912859}, 
 "7D": {"x_min": -447.16196365413236, "x_max": -144.45279198198673, "y_min": 873.9416157506744, "y_max": 877.9295271617709},
  "7E": {"x_min": -109.14638317928612, "x_max": 190.40784834259986, "y_min": 873.8660376502742, "y_max": 877.7823323895487}, 
  "CL": {"x_min": -475.8086246015273, "x_max": -459.78193999495625, "y_min": 889.9060421523072, "y_max": 1071.0901840603929}, 
  "CR": {"x_min": 197.7117472596702, "x_max": 214.0973187927515, "y_min": 882.6709442272488, "y_max": 1096.497566399937}, 
  "QC": {"x_min": -440.73666119430527, "x_max": 189.8696898596152, "y_min": 1124.1882064306378, "y_max": 1135.2059602667687}}