{
"J01": {"x_min": 242.93414306640625, "x_max": 522.984130859375, "y_min": 542.5171508789062, "y_max": 545.4571533203125}, 
"J02": {"x_min": 242.93414306640625, "x_max": 522.984130859375, "y_min": 484.1399841308594, "y_max": 487.0799865722656}, 
"J03": {"x_min": 242.93414306640625, "x_max": 522.984130859375, "y_min": 467.5099792480469, "y_max": 470.4499816894531}, 
"J04": {"x_min": 242.93414306640625, "x_max": 522.984130859375, "y_min": 409.17999267578125, "y_max": 412.1199951171875}, 
"J05": {"x_min": 242.93414306640625, "x_max": 522.984130859375, "y_min": 392.239990234375, "y_max": 395.17999267578125}, 
"J06": {"x_min": 242.93414306640625, "x_max": 522.984130859375, "y_min": 332.17999267578125, "y_max": 335.1199951171875}, 
"J07": {"x_min": 242.93414306640625, "x_max": 522.984130859375, "y_min": 312.55999755859375, "y_max": 315.5}, 
"J08": {"x_min": 242.93414306640625, "x_max": 522.984130859375, "y_min": 260.2699890136719, "y_max": 263.2099914550781}, 
"J09": {"x_min": 242.93414306640625, "x_max": 522.984130859375, "y_min": 237.5800018310547, "y_max": 240.52000427246094}, 
"J10": {"x_min": 242.93414306640625, "x_max": 522.984130859375, "y_min": 191.4499969482422, "y_max": 194.38999938964844}, 
"K01": {"x_min": 566.0499877929688, "x_max": 857.7799682617188, "y_min": 542.5171508789062, "y_max": 545.4571533203125}, 
"K02": {"x_min": 566.0499877929688, "x_max": 857.7799682617188, "y_min": 484.15997314453125, "y_max": 487.0999755859375},
"K03": {"x_min": 566.0499877929688, "x_max": 857.7799682617188, "y_min": 467.5299987792969, "y_max": 470.4700012207031}, 
"K04": {"x_min": 566.0499877929688, "x_max": 879.8999633789062, "y_min": 409.17999267578125, "y_max": 412.1199951171875}, 
"K05": {"x_min": 566.0499877929688, "x_max": 893.72998046875, "y_min": 392.5699768066406, "y_max": 395.5099792480469}, 
"K06": {"x_min": 566.0499877929688, "x_max": 893.72998046875, "y_min": 329.42999267578125, "y_max": 332.3699951171875}, 
"K07": {"x_min": 566.0499877929688, "x_max": 909.9599609375, "y_min": 312.5699768066406, "y_max": 315.5099792480469}, 
"K08": {"x_min": 566.0499877929688, "x_max": 909.9599609375, "y_min": 260.22998046875, "y_max": 263.16998291015625}, 
"K09": {"x_min": 566.0499877929688, "x_max": 909.9599609375, "y_min": 237.57000732421875, "y_max": 240.510009765625}, 
"K10": {"x_min": 566.0499877929688, "x_max": 909.9599609375, "y_min": 189.97999572753906, "y_max": 192.9199981689453}, 
"QC": {"x_min": 224.87855529785156, "x_max": 886.8085327148438, "y_min": 583.8306274414062, "y_max": 622.83056640625}, 
"CR": {"y_min": 545.4571533203125},
"QC101": {"x_min": 224.87855529785156, "x_max": 886.8085327148438, "y_min": 619.83056640625, "y_max": 622.83056640625}, 
"QC102": {"x_min": 224.87855529785156, "x_max": 886.8085327148438, "y_min": 615.8306274414062, "y_max": 618.8306274414062}, 
"QC103": {"x_min": 224.87855529785156, "x_max": 886.8085327148438, "y_min": 611.8306274414062, "y_max": 614.8306274414062}, 
"QC104": {"x_min": 224.87855529785156, "x_max": 886.8085327148438, "y_min": 607.8306274414062, "y_max": 610.8306274414062}, 
"QC105": {"x_min": 224.87855529785156, "x_max": 886.8085327148438, "y_min": 603.8306274414062, "y_max": 606.8306274414062}, 
"QC106": {"x_min": 224.87855529785156, "x_max": 886.8085327148438, "y_min": 599.8306274414062, "y_max": 602.8306274414062},
"QC107": {"x_min": 224.87855529785156, "x_max": 886.8085327148438, "y_min": 595.8306274414062, "y_max": 598.8306274414062},
"QC108": {"x_min": 224.87855529785156, "x_max": 886.8085327148438, "y_min": 591.8306274414062, "y_max": 594.8306274414062},
"QC109": {"x_min": 224.87855529785156, "x_max": 886.8085327148438, "y_min": 587.8306274414062, "y_max": 590.8306274414062},
"QC110": {"x_min": 224.87855529785156, "x_max": 886.8085327148438, "y_min": 583.8306274414062, "y_max": 586.8306274414062}
}